rate,cost
0.0001,3.0933333
0.001,3.0933333
0.01,3.0933333
0.1,0.5155
1,0.05155
10,0.005155
100,0.0005155
1000,0.00005155
10000,0.00005155
100000,0.00005155