rate,cost
0.0001,142.9786007
0.001,141.3665595
0.01,102.9259578
0.1,71.97435492
1,53.081011
10,42.44931805
100,40.15526062
1000,28.55484692
10000,28.71177225
100000,28.71177225