rate,cost
0.0001,0.66
0.001,0.66
0.01,0.11138
0.1,0.011138
1,0.0011138
10,0.00011138
100,0.000011138
1000,0.0000011138
10000,0.0000011138
100000,0.0000011138