clockwork,wfq,rand,cr,edf,fifo
0.72548654,0.5586125257,0.650277187,0.3850261,0.17088748,0.515507865