clockwork,wfq,rand,cr,edf,fifo
0.97577,0.684214,0.3457143607,0.996578,0.9612042,0.6079